Workbook

Sheet Employee Database
A1: Emp ID | B1: Name | C1: Department | D1: Designation | E1: City | F1: Join Date | G1: Basic Salary | H1: HRA (40%) | I1: PF (12%) | J1: Gross Salary | K1: Status | L1: Performance Rating | M1: Grade | N1: Experience (Yrs)
A2: EMP001 | B2: Raj Verma | C2: HR | D2: HR Manager | E2: Delhi | F2: 42617 | G2: 64096 | H2: =G2*0.4 -> 25638.4 | I2: =G2*0.12 -> 7691.52 | J2: =G2+H2 -> 89734.4 | K2: Active | L2: 1 | M2: =IF(L2=5,"A+",IF(L2=4,"A",IF(L2=3,"B",IF(L2=2,"C","D")))) -> D | N2: =DATEDIF(F2,TODAY(),"Y") -> 9
A3: EMP002 | B3: Sunil Mishra | C3: Finance | D3: CFO | E3: Delhi | F3: 42627 | G3: 136226 | H3: =G3*0.4 -> 54490.4 | I3: =G3*0.12 -> 16347.12 | J3: =G3+H3 -> 190716.4 | K3: Active | L3: 5 | M3: =IF(L3=5,"A+",IF(L3=4,"A",IF(L3=3,"B",IF(L3=2,"C","D")))) -> A+ | N3: =DATEDIF(F3,TODAY(),"Y") -> 9
A4: EMP003 | B4: Priya Mishra | C4: Marketing | D4: CMO | E4: Pune | F4: 42275 | G4: 138907 | H4: =G4*0.4 -> 55562.8 | I4: =G4*0.12 -> 16668.84 | J4: =G4+H4 -> 194469.8 | K4: On Leave | L4: 1 | M4: =IF(L4=5,"A+",IF(L4=4,"A",IF(L4=3,"B",IF(L4=2,"C","D")))) -> D | N4: =DATEDIF(F4,TODAY(),"Y") -> 10
A5: EMP004 | B5: Anjali Yadav | C5: HR | D5: HR Manager | E5: Hyderabad | F5: 43879 | G5: 63493 | H5: =G5*0.4 -> 25397.2 | I5: =G5*0.12 -> 7619.16 | J5: =G5+H5 -> 88890.2 | K5: Active | L5: 5 | M5: =IF(L5=5,"A+",IF(L5=4,"A",IF(L5=3,"B",IF(L5=2,"C","D")))) -> A+ | N5: =DATEDIF(F5,TODAY(),"Y") -> 6
A6: EMP005 | B6: Deepak Iyer | C6: HR | D6: HR Director | E6: Pune | F6: 43959 | G6: 130728 | H6: =G6*0.4 -> 52291.2 | I6: =G6*0.12 -> 15687.36 | J6: =G6+H6 -> 183019.2 | K6: On Leave | L6: 3 | M6: =IF(L6=5,"A+",IF(L6=4,"A",IF(L6=3,"B",IF(L6=2,"C","D")))) -> B | N6: =DATEDIF(F6,TODAY(),"Y") -> 6
A7: EMP006 | B7: Nisha Iyer | C7: Finance | D7: Finance Manager | E7: Hyderabad | F7: 43741 | G7: 102402 | H7: =G7*0.4 -> 40960.8 | I7: =G7*0.12 -> 12288.24 | J7: =G7+H7 -> 143362.8 | K7: Active | L7: 2 | M7: =IF(L7=5,"A+",IF(L7=4,"A",IF(L7=3,"B",IF(L7=2,"C","D")))) -> C | N7: =DATEDIF(F7,TODAY(),"Y") -> 6
A8: EMP007 | B8: Meera Singh | C8: Finance | D8: Analyst | E8: Kolkata | F8: 44005 | G8: 36474 | H8: =G8*0.4 -> 14589.6 | I8: =G8*0.12 -> 4376.88 | J8: =G8+H8 -> 51063.6 | K8: Active | L8: 1 | M8: =IF(L8=5,"A+",IF(L8=4,"A",IF(L8=3,"B",IF(L8=2,"C","D")))) -> D | N8: =DATEDIF(F8,TODAY(),"Y") -> 5
A9: EMP008 | B9: Ritu Singh | C9: IT | D9: Tech Lead | E9: Chennai | F9: 42361 | G9: 112876 | H9: =G9*0.4 -> 45150.4 | I9: =G9*0.12 -> 13545.12 | J9: =G9+H9 -> 158026.4 | K9: Active | L9: 4 | M9: =IF(L9=5,"A+",IF(L9=4,"A",IF(L9=3,"B",IF(L9=2,"C","D")))) -> A | N9: =DATEDIF(F9,TODAY(),"Y") -> 10
A10: EMP009 | B10: Manish Pandey | C10: HR | D10: HR Executive | E10: Hyderabad | F10: 43012 | G10: 41177 | H10: =G10*0.4 -> 16470.8 | I10: =G10*0.12 -> 4941.24 | J10: =G10+H10 -> 57647.8 | K10: Active | L10: 2 | M10: =IF(L10=5,"A+",IF(L10=4,"A",IF(L10=3,"B",IF(L10=2,"C","D")))) -> C | N10: =DATEDIF(F10,TODAY(),"Y") -> 8
A11: EMP010 | B11: Sunil Patel | C11: Finance | D11: CFO | E11: Chennai | F11: 44760 | G11: 176429 | H11: =G11*0.4 -> 70571.6 | I11: =G11*0.12 -> 21171.48 | J11: =G11+H11 -> 247000.6 | K11: On Leave | L11: 3 | M11: =IF(L11=5,"A+",IF(L11=4,"A",IF(L11=3,"B",IF(L11=2,"C","D")))) -> B | N11: =DATEDIF(F11,TODAY(),"Y") -> 3
A12: EMP011 | B12: Meera Rao | C12: Finance | D12: Finance Manager | E12: Kolkata | F12: 43162 | G12: 90201 | H12: =G12*0.4 -> 36080.4 | I12: =G12*0.12 -> 10824.12 | J12: =G12+H12 -> 126281.4 | K12: Active | L12: 4 | M12: =IF(L12=5,"A+",IF(L12=4,"A",IF(L12=3,"B",IF(L12=2,"C","D")))) -> A | N12: =DATEDIF(F12,TODAY(),"Y") -> 8
A13: EMP012 | B13: Vikram Agarwal | C13: Marketing | D13: Digital Marketer | E13: Chennai | F13: 42077 | G13: 57099 | H13: =G13*0.4 -> 22839.6 | I13: =G13*0.12 -> 6851.88 | J13: =G13+H13 -> 79938.6 | K13: Active | L13: 2 | M13: =IF(L13=5,"A+",IF(L13=4,"A",IF(L13=3,"B",IF(L13=2,"C","D")))) -> C | N13: =DATEDIF(F13,TODAY(),"Y") -> 11
... A51: EMP050 | B51: Ananya Kumar | C51: Operations | D51: Operations Manager | E51: Chennai | F51: 42218 | G51: 119040 | H51: =G51*0.4 -> 47616 | I51: =G51*0.12 -> 14284.8 | J51: =G51+H51 -> 166656 | K51: Resigned | L51: 2 | M51: =IF(L51=5,"A+",IF(L51=4,"A",IF(L51=3,"B",IF(L51=2,"C","D")))) -> C | N51: =DATEDIF(F51,TODAY(),"Y") -> 10

Sheet Salary Calculator
A1: 💰 EMPLOYEE SALARY CALCULATOR — VLOOKUP & HLOOKUP DEMO
A3: 📋 HLOOKUP Reference Table — Allowances by Grade
A4: Grade | B4: A+ | C4: A | D4: B | E4: C | F4: D
A5: Travel Allow | B5: 5000 | C5: 4000 | D5: 3000 | E5: 2000 | F5: 1000
A6: Medical Allow | B6: 3000 | C6: 2500 | D6: 2000 | E6: 1500 | F6: 1000
A7: Bonus % | B7: 20 | C7: 15 | D7: 10 | E7: 7 | F7: 5
A9: 🔍 Individual Salary Breakdown Calculator
A10: Enter Employee ID: | B10: EMP001
A11: Employee Name | B11: =IFERROR(VLOOKUP(B10,'Employee Database'!A2:B51,2,0),"Not Found") -> Raj Verma
A12: Department | B12: =IFERROR(VLOOKUP(B10,'Employee Database'!A2:C51,3,0),"N/A") -> HR
A13: Designation | B13: =IFERROR(VLOOKUP(B10,'Employee Database'!A2:D51,4,0),"N/A") -> HR Manager
A14: Basic Salary | B14: =IFERROR(VLOOKUP(B10,'Employee Database'!A2:G51,7,0),0) -> 64096
A15: Grade | B15: =IFERROR(VLOOKUP(B10,'Employee Database'!A2:M51,13,0),"N/A") -> D
A16: Experience | B16: =IFERROR(VLOOKUP(B10,'Employee Database'!A2:N51,14,0),"N/A") -> 9
A17: Travel Allow | B17: =IFERROR(CHOOSE(MATCH(B15,{"A+","A","B","C","D"},0),5000,4000,3000,2000,1000),0) -> 1000
A18: Medical Allow | B18: =IFERROR(CHOOSE(MATCH(B15,{"A+","A","B","C","D"},0),3000,2500,2000,1500,1000),0) -> 1000
A19: Bonus Amount | B19: =IFERROR(B14*CHOOSE(MATCH(B15,{"A+","A","B","C","D"},0),20,15,10,7,5)/100,0) -> 3204.8
A20: NET SALARY | B20: =B14+B17+B18+B19 -> 69300.8

Sheet HR Analytics
A1: 📊 HR ANALYTICS & WORKFORCE INSIGHTS
A3: Department | B3: Headcount | C3: Active | D3: Avg Salary | E3: Avg Rating | F3: Avg Experience
A4: IT | B4: =COUNTIF('Employee Database'!C2:C51,A4) -> 5 | C4: =COUNTIFS('Employee Database'!C2:C51,A4,'Employee Database'!K2:K51,"Active") -> 2 | D4: =IFERROR(AVERAGEIF('Employee Database'!C2:C51,A4,'Employee Database'!G2:G51),0) -> 98811.6 | E4: =IFERROR(AVERAGEIF('Employee Database'!C2:C51,A4,'Employee Database'!L2:L51),0) -> 2.8 | F4: =IFERROR(AVERAGEIF('Employee Database'!C2:C51,A4,'Employee Database'!N2:N51),0) -> 7.6
A5: Sales | B5: =COUNTIF('Employee Database'!C2:C51,A5) -> 8 | C5: =COUNTIFS('Employee Database'!C2:C51,A5,'Employee Database'!K2:K51,"Active") -> 5 | D5: =IFERROR(AVERAGEIF('Employee Database'!C2:C51,A5,'Employee Database'!G2:G51),0) -> 100572 | E5: =IFERROR(AVERAGEIF('Employee Database'!C2:C51,A5,'Employee Database'!L2:L51),0) -> 3.25 | F5: =IFERROR(AVERAGEIF('Employee Database'!C2:C51,A5,'Employee Database'!N2:N51),0) -> 5.625
A6: HR | B6: =COUNTIF('Employee Database'!C2:C51,A6) -> 9 | C6: =COUNTIFS('Employee Database'!C2:C51,A6,'Employee Database'!K2:K51,"Active") -> 6 | D6: =IFERROR(AVERAGEIF('Employee Database'!C2:C51,A6,'Employee Database'!G2:G51),0) -> 86876.556 | E6: =IFERROR(AVERAGEIF('Employee Database'!C2:C51,A6,'Employee Database'!L2:L51),0) -> 3.4444444 | F6: =IFERROR(AVERAGEIF('Employee Database'!C2:C51,A6,'Employee Database'!N2:N51),0) -> 7.4444444
A7: Finance | B7: =COUNTIF('Employee Database'!C2:C51,A7) -> 10 | C7: =COUNTIFS('Employee Database'!C2:C51,A7,'Employee Database'!K2:K51,"Active") -> 9 | D7: =IFERROR(AVERAGEIF('Employee Database'!C2:C51,A7,'Employee Database'!G2:G51),0) -> 105342.8 | E7: =IFERROR(AVERAGEIF('Employee Database'!C2:C51,A7,'Employee Database'!L2:L51),0) -> 3.1 | F7: =IFERROR(AVERAGEIF('Employee Database'!C2:C51,A7,'Employee Database'!N2:N51),0) -> 6.8
A8: Marketing | B8: =COUNTIF('Employee Database'!C2:C51,A8) -> 12 | C8: =COUNTIFS('Employee Database'!C2:C51,A8,'Employee Database'!K2:K51,"Active") -> 8 | D8: =IFERROR(AVERAGEIF('Employee Database'!C2:C51,A8,'Employee Database'!G2:G51),0) -> 62798.75 | E8: =IFERROR(AVERAGEIF('Employee Database'!C2:C51,A8,'Employee Database'!L2:L51),0) -> 2.5833333 | F8: =IFERROR(AVERAGEIF('Employee Database'!C2:C51,A8,'Employee Database'!N2:N51),0) -> 7.8333333
A9: Operations | B9: =COUNTIF('Employee Database'!C2:C51,A9) -> 6 | C9: =COUNTIFS('Employee Database'!C2:C51,A9,'Employee Database'!K2:K51,"Active") -> 5 | D9: =IFERROR(AVERAGEIF('Employee Database'!C2:C51,A9,'Employee Database'!G2:G51),0) -> 88463.833 | E9: =IFERROR(AVERAGEIF('Employee Database'!C2:C51,A9,'Employee Database'!L2:L51),0) -> 2.8333333 | F9: =IFERROR(AVERAGEIF('Employee Database'!C2:C51,A9,'Employee Database'!N2:N51),0) -> 7.1666667
A10: TOTAL / AVG | B10: =SUM(B4:B9) -> 50 | C10: =SUM(C4:C9) -> 35 | D10: =AVERAGE(D4:D9) -> 90477.59 | E10: =AVERAGE(E4:E9) -> 3.0018519 | F10: =AVERAGE(F4:F9) -> 7.0782407

Sheet VBA Macros Code
A1: 💻 VBA Macros — Alt+F11 → Insert Module → Paste
A3: ' ================================================================ ' MACRO 1: Color-code Employee Rows by Status ' ================================================================ Sub ColorByStatus() Dim ws As Worksheet Dim lastRow As Long, i As Long Set ws = ThisWorkbook.Sheets("Employee Database") lastRow = ws.Cells(ws.Rows.Count, 1).End(xlUp).Row For i = 2 To lastRow Select Case ws.Cells(i, 11).Value Case "Active" ws.Rows(i).Interior.Color = RGB(198, 239, 206) ' Green Case "On Leave" ws.Rows(i).Interior.Color = RGB(255, 242, 204) ' Yellow Case "Resigned" ws.Rows(i).Interior.Color = RGB(255, 199, 206) ' Red End Select Next i MsgBox "Status color coding applied!", vbInformation End Sub ' ================================================================ ' MACRO 2: Find Employees by Department (InputBox) ' ================================================================ Sub FindByDepartment() Dim ws As Worksheet Dim dept As String Dim lastRow As Long, i As Long Dim result As String Dim count As Integer Set ws = ThisWorkbook.Sheets("Employee Database") lastRow = ws.Cells(ws.Rows.Count, 1).End(xlUp).Row dept = InputBox("Enter Department Name:", "Search by Department", "IT") If dept = "" Then Exit Sub result = "Employees in " & dept & ":" & Chr(10) count = 0 For i = 2 To lastRow If UCase(ws.Cells(i, 3).Value) = UCase(dept) Then result = result & ws.Cells(i, 1) & " - " & ws.Cells(i, 2) & Chr(10) count = count + 1 End If Next i If count = 0 Then MsgBox "No employees found in: " & dept, vbExclamation Else result = result & Chr(10) & "Total: " & count & " employees" MsgBox result, vbInformation, "Search Results" End If End Sub ' ================================================================ ' MACRO 3: Calculate Department Salary Budget ' ================================================================ Sub DeptSalaryBudget() Dim ws As Worksheet Dim dept As String Dim lastRow As Long, i As Long Dim total As Double Set ws = ThisWorkbook.Sheets("Employee Database") lastRow = ws.Cells(ws.Rows.Count, 1).End(xlUp).Row dept = InputBox("Enter Department for Salary Budget:", "Salary Budget", "Sales") If dept = "" Then Exit Sub For i = 2 To lastRow If UCase(ws.Cells(i, 3).Value) = UCase(dept) And _ ws.Cells(i, 11).Value = "Active" Then total = total + ws.Cells(i, 7).Value ' Basic Salary End If Next i MsgBox dept & " Department Monthly Salary Budget:" & Chr(10) & _ "Rs. " & Format(total, "#,##0"), vbInformation, "Salary Budget" End Sub ' ================================================================ ' MACRO 4: Auto-Fill Grade based on Rating ' ================================================================ Sub AutoFillGrades() Dim ws As Worksheet Dim lastRow As Long, i As Long Set ws = ThisWorkbook.Sheets("Employee Database") lastRow = ws.Cells(ws.Rows.Count, 1).End(xlUp).Row For i = 2 To lastRow Dim rating As Integer rating = ws.Cells(i, 12).Value Select Case rating Case 5: ws.Cells(i, 13).Value = "A+" Case 4: ws.Cells(i, 13).Value = "A" Case 3: ws.Cells(i, 13).Value = "B" Case 2: ws.Cells(i, 13).Value = "C" Case 1: ws.Cells(i, 13).Value = "D" End Select Next i MsgBox "Grades updated for all " & (lastRow - 1) & " employees!", vbInformation End Sub
