Workbook

Sheet Sales Data
A1: SNo | B1: Month | C1: Quarter | D1: Region | E1: Manager | F1: Product | G1: Units Sold | H1: Unit Price | I1: Total Sales | J1: Target | K1: Achievement% | L1: Status
A2: 1 | B2: Jan | C2: Q1 | D2: North | E2: Ramesh Kumar | F2: Laptop | G2: 91 | H2: 55000 | I2: =G2*H2 -> 5005000 | J2: 733478 | K2: =IF(J2>0,I2/J2,0) -> 6.8236539 | L2: =IF(K2>=1,"✅ Achieved","❌ Below Target") -> ✅ Achieved
A3: 2 | B3: Jan | C3: Q1 | D3: North | E3: Ramesh Kumar | F3: Mobile | G3: 13 | H3: 18000 | I3: =G3*H3 -> 234000 | J3: 1076778 | K3: =IF(J3>0,I3/J3,0) -> 0.21731499 | L3: =IF(K3>=1,"✅ Achieved","❌ Below Target") -> ❌ Below Target
A4: 3 | B4: Jan | C4: Q1 | D4: North | E4: Ramesh Kumar | F4: Tablet | G4: 41 | H4: 28000 | I4: =G4*H4 -> 1148000 | J4: 968106 | K4: =IF(J4>0,I4/J4,0) -> 1.1858206 | L4: =IF(K4>=1,"✅ Achieved","❌ Below Target") -> ✅ Achieved
A5: 4 | B5: Jan | C5: Q1 | D5: North | E5: Ramesh Kumar | F5: Accessories | G5: 27 | H5: 3500 | I5: =G5*H5 -> 94500 | J5: 714947 | K5: =IF(J5>0,I5/J5,0) -> 0.13217763 | L5: =IF(K5>=1,"✅ Achieved","❌ Below Target") -> ❌ Below Target
A6: 5 | B6: Jan | C6: Q1 | D6: North | E6: Ramesh Kumar | F6: Software | G6: 96 | H6: 12000 | I6: =G6*H6 -> 1152000 | J6: 1643716 | K6: =IF(J6>0,I6/J6,0) -> 0.700851 | L6: =IF(K6>=1,"✅ Achieved","❌ Below Target") -> ❌ Below Target
A7: 6 | B7: Jan | C7: Q1 | D7: South | E7: Priya Sharma | F7: Laptop | G7: 21 | H7: 55000 | I7: =G7*H7 -> 1155000 | J7: 1738352 | K7: =IF(J7>0,I7/J7,0) -> 0.6644224 | L7: =IF(K7>=1,"✅ Achieved","❌ Below Target") -> ❌ Below Target
A8: 7 | B8: Jan | C8: Q1 | D8: South | E8: Priya Sharma | F8: Mobile | G8: 64 | H8: 18000 | I8: =G8*H8 -> 1152000 | J8: 566653 | K8: =IF(J8>0,I8/J8,0) -> 2.0329902 | L8: =IF(K8>=1,"✅ Achieved","❌ Below Target") -> ✅ Achieved
A9: 8 | B9: Jan | C9: Q1 | D9: South | E9: Priya Sharma | F9: Tablet | G9: 13 | H9: 28000 | I9: =G9*H9 -> 364000 | J9: 696493 | K9: =IF(J9>0,I9/J9,0) -> 0.52261832 | L9: =IF(K9>=1,"✅ Achieved","❌ Below Target") -> ❌ Below Target
A10: 9 | B10: Jan | C10: Q1 | D10: South | E10: Priya Sharma | F10: Accessories | G10: 37 | H10: 3500 | I10: =G10*H10 -> 129500 | J10: 987925 | K10: =IF(J10>0,I10/J10,0) -> 0.13108283 | L10: =IF(K10>=1,"✅ Achieved","❌ Below Target") -> ❌ Below Target
A11: 10 | B11: Jan | C11: Q1 | D11: South | E11: Priya Sharma | F11: Software | G11: 74 | H11: 12000 | I11: =G11*H11 -> 888000 | J11: 1762524 | K11: =IF(J11>0,I11/J11,0) -> 0.50382293 | L11: =IF(K11>=1,"✅ Achieved","❌ Below Target") -> ❌ Below Target
A12: 11 | B12: Jan | C12: Q1 | D12: East | E12: Sunil Verma | F12: Laptop | G12: 13 | H12: 55000 | I12: =G12*H12 -> 715000 | J12: 1677016 | K12: =IF(J12>0,I12/J12,0) -> 0.42635252 | L12: =IF(K12>=1,"✅ Achieved","❌ Below Target") -> ❌ Below Target
A13: 12 | B13: Jan | C13: Q1 | D13: East | E13: Sunil Verma | F13: Mobile | G13: 35 | H13: 18000 | I13: =G13*H13 -> 630000 | J13: 1862906 | K13: =IF(J13>0,I13/J13,0) -> 0.33818131 | L13: =IF(K13>=1,"✅ Achieved","❌ Below Target") -> ❌ Below Target
... A241: 240 | B241: Dec | C241: Q4 | D241: West | E241: Anjali Singh | F241: Software | G241: 111 | H241: 12000 | I241: =G241*H241 -> 1332000 | J241: 583665 | K241: =IF(J241>0,I241/J241,0) -> 2.282131 | L241: =IF(K241>=1,"✅ Achieved","❌ Below Target") -> ✅ Achieved

Sheet Pivot Summary
A1: 📊 SALES PIVOT SUMMARY — FY 2024
A3: Region \ Product | B3: Laptop | C3: Mobile | D3: Tablet | E3: Accessories | F3: Software | G3: Grand Total
A4: North | B4: =SUMIFS('Sales Data'!I$2:I$241,'Sales Data'!D$2:D$241,A4,'Sales Data'!F$2:F$241,"Laptop") -> 38390000 | C4: =SUMIFS('Sales Data'!I$2:I$241,'Sales Data'!D$2:D$241,A4,'Sales Data'!F$2:F$241,"Mobile") -> 11232000 | D4: =SUMIFS('Sales Data'!I$2:I$241,'Sales Data'!D$2:D$241,A4,'Sales Data'!F$2:F$241,"Tablet") -> 21224000 | E4: =SUMIFS('Sales Data'!I$2:I$241,'Sales Data'!D$2:D$241,A4,'Sales Data'!F$2:F$241,"Accessories") -> 2411500 | F4: =SUMIFS('Sales Data'!I$2:I$241,'Sales Data'!D$2:D$241,A4,'Sales Data'!F$2:F$241,"Software") -> 9468000 | G4: =SUM(B4:F4) -> 82725500
A5: South | B5: =SUMIFS('Sales Data'!I$2:I$241,'Sales Data'!D$2:D$241,A5,'Sales Data'!F$2:F$241,"Laptop") -> 47465000 | C5: =SUMIFS('Sales Data'!I$2:I$241,'Sales Data'!D$2:D$241,A5,'Sales Data'!F$2:F$241,"Mobile") -> 13752000 | D5: =SUMIFS('Sales Data'!I$2:I$241,'Sales Data'!D$2:D$241,A5,'Sales Data'!F$2:F$241,"Tablet") -> 25452000 | E5: =SUMIFS('Sales Data'!I$2:I$241,'Sales Data'!D$2:D$241,A5,'Sales Data'!F$2:F$241,"Accessories") -> 2793000 | F5: =SUMIFS('Sales Data'!I$2:I$241,'Sales Data'!D$2:D$241,A5,'Sales Data'!F$2:F$241,"Software") -> 7296000 | G5: =SUM(B5:F5) -> 96758000
A6: East | B6: =SUMIFS('Sales Data'!I$2:I$241,'Sales Data'!D$2:D$241,A6,'Sales Data'!F$2:F$241,"Laptop") -> 38115000 | C6: =SUMIFS('Sales Data'!I$2:I$241,'Sales Data'!D$2:D$241,A6,'Sales Data'!F$2:F$241,"Mobile") -> 11844000 | D6: =SUMIFS('Sales Data'!I$2:I$241,'Sales Data'!D$2:D$241,A6,'Sales Data'!F$2:F$241,"Tablet") -> 24164000 | E6: =SUMIFS('Sales Data'!I$2:I$241,'Sales Data'!D$2:D$241,A6,'Sales Data'!F$2:F$241,"Accessories") -> 2618000 | F6: =SUMIFS('Sales Data'!I$2:I$241,'Sales Data'!D$2:D$241,A6,'Sales Data'!F$2:F$241,"Software") -> 7284000 | G6: =SUM(B6:F6) -> 84025000
A7: West | B7: =SUMIFS('Sales Data'!I$2:I$241,'Sales Data'!D$2:D$241,A7,'Sales Data'!F$2:F$241,"Laptop") -> 33770000 | C7: =SUMIFS('Sales Data'!I$2:I$241,'Sales Data'!D$2:D$241,A7,'Sales Data'!F$2:F$241,"Mobile") -> 13014000 | D7: =SUMIFS('Sales Data'!I$2:I$241,'Sales Data'!D$2:D$241,A7,'Sales Data'!F$2:F$241,"Tablet") -> 23912000 | E7: =SUMIFS('Sales Data'!I$2:I$241,'Sales Data'!D$2:D$241,A7,'Sales Data'!F$2:F$241,"Accessories") -> 1680000 | F7: =SUMIFS('Sales Data'!I$2:I$241,'Sales Data'!D$2:D$241,A7,'Sales Data'!F$2:F$241,"Software") -> 9384000 | G7: =SUM(B7:F7) -> 81760000
A8: Grand Total | B8: =SUM(B4:B7) -> 157740000 | C8: =SUM(C4:C7) -> 49842000 | D8: =SUM(D4:D7) -> 94752000 | E8: =SUM(E4:E7) -> 9502500 | F8: =SUM(F4:F7) -> 33432000 | G8: =SUM(G4:G7) -> 345268500
A10: 📅 Monthly Sales Trend
A11: Month | B11: Total Sales | C11: Total Target | D11: Achievement%
A12: Jan | B12: =SUMIF('Sales Data'!B$2:B$241,A12,'Sales Data'!I$2:I$241) -> 24170000 | C12: =SUMIF('Sales Data'!B$2:B$241,A12,'Sales Data'!J$2:J$241) -> 23538821 | D12: =IF(C12>0,B12/C12,0) -> 1.0268144
A13: Feb | B13: =SUMIF('Sales Data'!B$2:B$241,A13,'Sales Data'!I$2:I$241) -> 38295500 | C13: =SUMIF('Sales Data'!B$2:B$241,A13,'Sales Data'!J$2:J$241) -> 21711394 | D13: =IF(C13>0,B13/C13,0) -> 1.7638434
A14: Mar | B14: =SUMIF('Sales Data'!B$2:B$241,A14,'Sales Data'!I$2:I$241) -> 33968500 | C14: =SUMIF('Sales Data'!B$2:B$241,A14,'Sales Data'!J$2:J$241) -> 23718590 | D14: =IF(C14>0,B14/C14,0) -> 1.4321467
A15: Apr | B15: =SUMIF('Sales Data'!B$2:B$241,A15,'Sales Data'!I$2:I$241) -> 26555000 | C15: =SUMIF('Sales Data'!B$2:B$241,A15,'Sales Data'!J$2:J$241) -> 27990146 | D15: =IF(C15>0,B15/C15,0) -> 0.94872674
A16: May | B16: =SUMIF('Sales Data'!B$2:B$241,A16,'Sales Data'!I$2:I$241) -> 32262000 | C16: =SUMIF('Sales Data'!B$2:B$241,A16,'Sales Data'!J$2:J$241) -> 24997071 | D16: =IF(C16>0,B16/C16,0) -> 1.2906312
A17: Jun | B17: =SUMIF('Sales Data'!B$2:B$241,A17,'Sales Data'!I$2:I$241) -> 28885500 | C17: =SUMIF('Sales Data'!B$2:B$241,A17,'Sales Data'!J$2:J$241) -> 26731621 | D17: =IF(C17>0,B17/C17,0) -> 1.0805742
A18: Jul | B18: =SUMIF('Sales Data'!B$2:B$241,A18,'Sales Data'!I$2:I$241) -> 23281500 | C18: =SUMIF('Sales Data'!B$2:B$241,A18,'Sales Data'!J$2:J$241) -> 24976590 | D18: =IF(C18>0,B18/C18,0) -> 0.93213285
A19: Aug | B19: =SUMIF('Sales Data'!B$2:B$241,A19,'Sales Data'!I$2:I$241) -> 28213500 | C19: =SUMIF('Sales Data'!B$2:B$241,A19,'Sales Data'!J$2:J$241) -> 22187064 | D19: =IF(C19>0,B19/C19,0) -> 1.2716194
A20: Sep | B20: =SUMIF('Sales Data'!B$2:B$241,A20,'Sales Data'!I$2:I$241) -> 30877000 | C20: =SUMIF('Sales Data'!B$2:B$241,A20,'Sales Data'!J$2:J$241) -> 23544030 | D20: =IF(C20>0,B20/C20,0) -> 1.3114577
A21: Oct | B21: =SUMIF('Sales Data'!B$2:B$241,A21,'Sales Data'!I$2:I$241) -> 28316000 | C21: =SUMIF('Sales Data'!B$2:B$241,A21,'Sales Data'!J$2:J$241) -> 27718516 | D21: =IF(C21>0,B21/C21,0) -> 1.0215554
A22: Nov | B22: =SUMIF('Sales Data'!B$2:B$241,A22,'Sales Data'!I$2:I$241) -> 24840500 | C22: =SUMIF('Sales Data'!B$2:B$241,A22,'Sales Data'!J$2:J$241) -> 25317807 | D22: =IF(C22>0,B22/C22,0) -> 0.98114738
A23: Dec | B23: =SUMIF('Sales Data'!B$2:B$241,A23,'Sales Data'!I$2:I$241) -> 25603500 | C23: =SUMIF('Sales Data'!B$2:B$241,A23,'Sales Data'!J$2:J$241) -> 24607486 | D23: =IF(C23>0,B23/C23,0) -> 1.0404761

Sheet Dashboard
A1: 🏆 SALES PERFORMANCE DASHBOARD — FY 2024
B4: 💰 Total Revenue | F4: 🎯 Total Target | J4: 📦 Units Sold | N4: ✅ Achievement %
B5: =SUM('Sales Data'!I2:I241) -> 345268500 | F5: =SUM('Sales Data'!J2:J241) -> 297039136 | J5: =SUM('Sales Data'!G2:G241) -> 14522 | N5: =IF(F5>0,B5/F5,0) -> 1.162367
A12: Region | B12: Sales | D12: Month | E12: Sales | F12: Target | H12: Product | I12: Sales
A13: North | B13: =SUMIF('Sales Data'!D$2:D$241,A13,'Sales Data'!I$2:I$241) -> 82725500 | D13: Jan | E13: =SUMIF('Sales Data'!B$2:B$241,D13,'Sales Data'!I$2:I$241) -> 24170000 | F13: =SUMIF('Sales Data'!B$2:B$241,D13,'Sales Data'!J$2:J$241) -> 23538821 | H13: Laptop | I13: =SUMIF('Sales Data'!F$2:F$241,H13,'Sales Data'!I$2:I$241) -> 157740000
A14: South | B14: =SUMIF('Sales Data'!D$2:D$241,A14,'Sales Data'!I$2:I$241) -> 96758000 | D14: Feb | E14: =SUMIF('Sales Data'!B$2:B$241,D14,'Sales Data'!I$2:I$241) -> 38295500 | F14: =SUMIF('Sales Data'!B$2:B$241,D14,'Sales Data'!J$2:J$241) -> 21711394 | H14: Mobile | I14: =SUMIF('Sales Data'!F$2:F$241,H14,'Sales Data'!I$2:I$241) -> 49842000
A15: East | B15: =SUMIF('Sales Data'!D$2:D$241,A15,'Sales Data'!I$2:I$241) -> 84025000 | D15: Mar | E15: =SUMIF('Sales Data'!B$2:B$241,D15,'Sales Data'!I$2:I$241) -> 33968500 | F15: =SUMIF('Sales Data'!B$2:B$241,D15,'Sales Data'!J$2:J$241) -> 23718590 | H15: Tablet | I15: =SUMIF('Sales Data'!F$2:F$241,H15,'Sales Data'!I$2:I$241) -> 94752000
A16: West | B16: =SUMIF('Sales Data'!D$2:D$241,A16,'Sales Data'!I$2:I$241) -> 81760000 | D16: Apr | E16: =SUMIF('Sales Data'!B$2:B$241,D16,'Sales Data'!I$2:I$241) -> 26555000 | F16: =SUMIF('Sales Data'!B$2:B$241,D16,'Sales Data'!J$2:J$241) -> 27990146 | H16: Accessories | I16: =SUMIF('Sales Data'!F$2:F$241,H16,'Sales Data'!I$2:I$241) -> 9502500
D17: May | E17: =SUMIF('Sales Data'!B$2:B$241,D17,'Sales Data'!I$2:I$241) -> 32262000 | F17: =SUMIF('Sales Data'!B$2:B$241,D17,'Sales Data'!J$2:J$241) -> 24997071 | H17: Software | I17: =SUMIF('Sales Data'!F$2:F$241,H17,'Sales Data'!I$2:I$241) -> 33432000
D18: Jun | E18: =SUMIF('Sales Data'!B$2:B$241,D18,'Sales Data'!I$2:I$241) -> 28885500 | F18: =SUMIF('Sales Data'!B$2:B$241,D18,'Sales Data'!J$2:J$241) -> 26731621
D19: Jul | E19: =SUMIF('Sales Data'!B$2:B$241,D19,'Sales Data'!I$2:I$241) -> 23281500 | F19: =SUMIF('Sales Data'!B$2:B$241,D19,'Sales Data'!J$2:J$241) -> 24976590
D20: Aug | E20: =SUMIF('Sales Data'!B$2:B$241,D20,'Sales Data'!I$2:I$241) -> 28213500 | F20: =SUMIF('Sales Data'!B$2:B$241,D20,'Sales Data'!J$2:J$241) -> 22187064
D21: Sep | E21: =SUMIF('Sales Data'!B$2:B$241,D21,'Sales Data'!I$2:I$241) -> 30877000 | F21: =SUMIF('Sales Data'!B$2:B$241,D21,'Sales Data'!J$2:J$241) -> 23544030
D22: Oct | E22: =SUMIF('Sales Data'!B$2:B$241,D22,'Sales Data'!I$2:I$241) -> 28316000 | F22: =SUMIF('Sales Data'!B$2:B$241,D22,'Sales Data'!J$2:J$241) -> 27718516
D23: Nov | E23: =SUMIF('Sales Data'!B$2:B$241,D23,'Sales Data'!I$2:I$241) -> 24840500 | F23: =SUMIF('Sales Data'!B$2:B$241,D23,'Sales Data'!J$2:J$241) -> 25317807
D24: Dec | E24: =SUMIF('Sales Data'!B$2:B$241,D24,'Sales Data'!I$2:I$241) -> 25603500 | F24: =SUMIF('Sales Data'!B$2:B$241,D24,'Sales Data'!J$2:J$241) -> 24607486

Sheet Lookup Tool
A1: 🔍 SALESPERSON LOOKUP TOOL (VLOOKUP / HLOOKUP Demo)
A3: Region | B3: Manager | C3: Total Sales | D3: Total Target | E3: Achievement% | F3: Rank
A4: North | B4: Ramesh Kumar | C4: =SUMIF('Sales Data'!D$2:D$241,A4,'Sales Data'!I$2:I$241) -> 82725500 | D4: =SUMIF('Sales Data'!D$2:D$241,A4,'Sales Data'!J$2:J$241) -> 67777482 | E4: =IF(D4>0,C4/D4,0) -> 1.2205455 | F4: =RANK(C4,C$4:C$7,0) -> 3
A5: South | B5: Priya Sharma | C5: =SUMIF('Sales Data'!D$2:D$241,A5,'Sales Data'!I$2:I$241) -> 96758000 | D5: =SUMIF('Sales Data'!D$2:D$241,A5,'Sales Data'!J$2:J$241) -> 76131865 | E5: =IF(D5>0,C5/D5,0) -> 1.2709264 | F5: =RANK(C5,C$4:C$7,0) -> 1
A6: East | B6: Sunil Verma | C6: =SUMIF('Sales Data'!D$2:D$241,A6,'Sales Data'!I$2:I$241) -> 84025000 | D6: =SUMIF('Sales Data'!D$2:D$241,A6,'Sales Data'!J$2:J$241) -> 77198847 | E6: =IF(D6>0,C6/D6,0) -> 1.088423 | F6: =RANK(C6,C$4:C$7,0) -> 2
A7: West | B7: Anjali Singh | C7: =SUMIF('Sales Data'!D$2:D$241,A7,'Sales Data'!I$2:I$241) -> 81760000 | D7: =SUMIF('Sales Data'!D$2:D$241,A7,'Sales Data'!J$2:J$241) -> 75930942 | E7: =IF(D7>0,C7/D7,0) -> 1.0767679 | F7: =RANK(C7,C$4:C$7,0) -> 4
A10: 🔎 VLOOKUP Interactive Demo
A11: Enter Region: | B11: North
A12: Manager Name: | B12: =IFERROR(VLOOKUP(B11,A4:B7,2,0),"Region not found") -> Ramesh Kumar
A13: Total Sales: | B13: =IFERROR(VLOOKUP(B11,A4:C7,3,0),"N/A") -> 82725500
A14: Achievement %: | B14: =IFERROR(VLOOKUP(B11,A4:E7,5,0),"N/A") -> 1.2205455
A15: Rank: | B15: =IFERROR(VLOOKUP(B11,A4:F7,6,0),"N/A") -> 3

Sheet README
A1: 📘 PROJECT GUIDE — SALES PERFORMANCE DASHBOARD
A3: 📌 Project: | B3: Sales Performance Dashboard — FY 2024
A4: 🛠 Skills Used: | B4: SUMIFS, VLOOKUP, RANK, IF, Pivot, Charts, Conditional Formatting, VBA
A5: 📊 Sheets: | B5: Sales Data | Pivot Summary | Dashboard | Lookup Tool | README
A7: How to Use
A8: Step 1: | B8: Go to 'Sales Data' sheet to see raw data (240 rows)
A9: Step 2: | B9: Go to 'Pivot Summary' to see region × product breakdown & monthly trend
A10: Step 3: | B10: Go to 'Dashboard' to see KPI cards and 3 interactive charts
A11: Step 4: | B11: Go to 'Lookup Tool' — type any region in yellow cell B11 to get dynamic VLOOKUP result
A13: 📂 GitHub Upload Tips
A14: Tip 1: | B14: Upload .xlsm file (with macros) or .xlsx to your GitHub repo
A15: Tip 2: | B15: Add screenshots of Dashboard in your repo README.md
A16: Tip 3: | B16: Write 3-4 lines about what the project does in README.md

Sheet VBA Macros Code
A1: 💻 VBA Macros — Copy these into Excel VBA Editor (Alt+F11)
A3: ' ================================================================ ' MACRO 1: Auto-Highlight Achieved Rows (Conditional Formatting) ' ================================================================ Sub HighlightAchieved() Dim ws As Worksheet Dim lastRow As Long Dim i As Long Set ws = ThisWorkbook.Sheets("Sales Data") lastRow = ws.Cells(ws.Rows.Count, "A").End(xlUp).Row For i = 2 To lastRow If ws.Cells(i, 12).Value = "✅ Achieved" Then ws.Rows(i).Interior.Color = RGB(198, 239, 206) ' Light green ElseIf ws.Cells(i, 12).Value = "❌ Below Target" Then ws.Rows(i).Interior.Color = RGB(255, 199, 206) ' Light red End If Next i MsgBox "Highlighting complete! " & (lastRow - 1) & " rows processed.", vbInformation End Sub ' ================================================================ ' MACRO 2: Export Dashboard to New Sheet as Snapshot ' ================================================================ Sub ExportSnapshot() Dim srcSheet As Worksheet Dim newSheet As Worksheet Set srcSheet = ThisWorkbook.Sheets("Dashboard") srcSheet.Copy After:=ThisWorkbook.Sheets(ThisWorkbook.Sheets.Count) Set newSheet = ThisWorkbook.Sheets(ThisWorkbook.Sheets.Count) newSheet.Name = "Snapshot_" & Format(Now, "DDMMYYYY_HHMMSS") MsgBox "Snapshot created: " & newSheet.Name, vbInformation End Sub ' ================================================================ ' MACRO 3: Clear & Reset Lookup Tool ' ================================================================ Sub ResetLookup() Dim ws As Worksheet Set ws = ThisWorkbook.Sheets("Lookup Tool") ws.Range("B11").Value = "North" ws.Range("B11").Select MsgBox "Lookup reset to North!", vbInformation End Sub ' ================================================================ ' MACRO 4: Generate Quick Summary in MsgBox ' ================================================================ Sub QuickSummary() Dim ws As Worksheet Dim totalSales As Double Dim totalRows As Long Set ws = ThisWorkbook.Sheets("Sales Data") totalRows = ws.Cells(ws.Rows.Count, "A").End(xlUp).Row - 1 totalSales = Application.WorksheetFunction.Sum(ws.Range("I2:I" & totalRows + 1)) Dim msg As String msg = "=== QUICK SUMMARY ===" & Chr(10) msg = msg & "Total Data Rows: " & totalRows & Chr(10) msg = msg & "Total Revenue: Rs." & Format(totalSales, "#,##0") & Chr(10) msg = msg & "Avg per Row: Rs." & Format(totalSales / totalRows, "#,##0") MsgBox msg, vbInformation, "Sales Dashboard Summary" End Sub ' ================================================================ ' HOW TO USE THESE MACROS: ' 1. Open Excel file ' 2. Press Alt + F11 to open VBA Editor ' 3. Click Insert > Module ' 4. Paste any macro above ' 5. Press F5 to run, or assign to a button ' ================================================================
